ID,folder
1,test1
4,test2
7,test6
10,test7
13,test_9434_18
16,test_9434_1
19,test_94342_0
22,test_94342_10
25,test_94342_11
28,test_94342_12
31,test_94342_13
34,test_94342_14
37,test_94342_15
40,test_94342_16
43,test_94342_17
46,test_94342_18
49,test_94342_19
52,test_94342_1
55,test_94342_20
58,test_94342_21
61,test_94342_22
64,test_94342_23
67,test_94342_24
70,test_94342_25
73,test_94342_26
76,test_94342_2
79,test_94342_3
82,test_94342_4
85,test_94342_5
88,test_94342_6
91,test_94342_7
94,test_94342_8
97,test_9434_3
100,test_boelter_10
103,test_boelter_12
106,test_boelter_13
109,test_boelter_14
112,test_boelter_15
115,test_boelter_17
118,test_boelter_18
121,test_boelter_19
124,test_boelter_1
127,test_boelter2_0
130,test_boelter2_12
133,test_boelter2_14
136,test_boelter2_15
139,test_boelter2_16
142,test_boelter2_17
145,test_boelter_21
154,test_boelter2_3
169,test_boelter2_6
172,test_boelter2_7
175,test_boelter2_8
178,test_boelter_2
181,test_boelter3_0
184,test_boelter3_10
187,test_boelter3_11
190,test_boelter3_12
193,test_boelter3_13
196,test_boelter3_1
199,test_boelter3_2
202,test_boelter3_3
205,test_boelter3_4
208,test_boelter3_5
211,test_boelter3_6
214,test_boelter3_7
217,test_boelter3_8
220,test_boelter3_9
223,test_boelter_3
226,test_boelter4_0
229,test_boelter4_10
232,test_boelter4_11
235,test_boelter4_12
238,test_boelter4_13
241,test_boelter4_1
244,test_boelter4_2
247,test_boelter4_3
250,test_boelter4_4
253,test_boelter4_5
256,test_boelter4_6
259,test_boelter4_7
262,test_boelter4_8
265,test_boelter4_9
268,test_boelter_4
271,test_boelter_5
274,test_boelter_6
277,test_boelter_7
280,test_boelter_9